{
  "headers": [
    "name",
    "slug"
  ],
  "data": {
    "31001": [
      "Ariyalur",
      "ariyalur"
    ],
    "31002": [
      "Chengalpattu",
      "chengalpattu"
    ],
    "31003": [
      "Chennai",
      "chennai"
    ],
    "31004": [
      "Coimbatore",
      "coimbatore"
    ],
    "31005": [
      "Cuddalore",
      "cuddalore"
    ],
    "31006": [
      "Dharmapuri",
      "dharmapuri"
    ],
    "31007": [
      "Dindigul",
      "dindigul"
    ],
    "31008": [
      "Erode",
      "erode"
    ],
    "31009": [
      "Kallakuruchi",
      "kallakuruchi"
    ],
    "31010": [
      "Kancheepuram",
      "kancheepuram"
    ],
    "31011": [
      "Karur",
      "karur"
    ],
    "31012": [
      "Krishnagiri",
      "krishnagiri"
    ],
    "31013": [
      "Madurai",
      "madurai"
    ],
    "31014": [
      "Mayiladuthurai",
      "mayiladuthurai"
    ],
    "31015": [
      "Nagapattinam",
      "nagapattinam"
    ],
    "31016": [
      "Nagercoil (Kannyiakumari)",
      "nagercoil_kannyiakumari"
    ],
    "31017": [
      "Namakkal",
      "namakkal"
    ],
    "31018": [
      "Perambalur",
      "perambalur"
    ],
    "31019": [
      "Pudukkottai",
      "pudukkottai"
    ],
    "31020": [
      "Ramanathapuram",
      "ramanathapuram"
    ],
    "31021": [
      "Ranipet",
      "ranipet"
    ],
    "31022": [
      "Salem",
      "salem"
    ],
    "31023": [
      "Sivaganga",
      "sivaganga"
    ],
    "31024": [
      "Tenkasi",
      "tenkasi"
    ],
    "31025": [
      "Thanjavur",
      "thanjavur"
    ],
    "31026": [
      "The Nilgiris",
      "the_nilgiris"
    ],
    "31027": [
      "Theni",
      "theni"
    ],
    "31028": [
      "Thiruchirappalli",
      "thiruchirappalli"
    ],
    "31029": [
      "Thirunelveli",
      "thirunelveli"
    ],
    "31030": [
      "Thirupathur",
      "thirupathur"
    ],
    "31031": [
      "Thirupur",
      "thirupur"
    ],
    "31032": [
      "Thiruvannamalai",
      "thiruvannamalai"
    ],
    "31033": [
      "Thiruvarur",
      "thiruvarur"
    ],
    "31034": [
      "Thiruvellore",
      "thiruvellore"
    ],
    "31035": [
      "Tuticorin",
      "tuticorin"
    ],
    "31036": [
      "Vellore",
      "vellore"
    ],
    "31037": [
      "Villupuram",
      "villupuram"
    ],
    "31038": [
      "Virudhunagar",
      "virudhunagar"
    ],
    "00000": [
      "जिला चुने",
      ""
    ]
  }
}